Title,location,Price,urls
The Galleria Nobel Roof Top luxury apartment for sale,"Bahria Enclave, Bahria Town",2.1 Crore,https://www.zameen.com//Property/bahria_town_bahria_enclave_the_galleria_nobel_roof_top_luxury_apartment_for_sale-46909335-1705-1.html
"F-8,500 Sq Yard Brand New Corner House Available For Sale","F-8, Islamabad",35 Crore,https://www.zameen.com//Property/islamabad_f-8_f-8_500_sq_yard_brand_new_corner_house_available_for_sale-48146070-166-1.html
E Type 2 Bed Corner Apartment Of PHA I-16 For Sale,"I-16/3, I-16",50 Lakh,https://www.zameen.com//Property/i_16_i-16_3_e_type_2_bed_corner_apartment_of_pha_i-16_for_sale-48085281-3437-1.html
B Type Cornerand Park Facing Flat With 3 Bed 3 Bath And Servant Room Available For Sale,"I-16, Islamabad",75 Lakh,https://www.zameen.com//Property/islamabad_i-16_b_type_cornerand_park_facing_flat_with_3_bed_3_bath_and_servant_room_available_for_sale-48085501-449-1.html
Royal Mall And Residency 2 Bed Apartment 1450 Square Feet On 4th Floor Sun Facing Available For Sale Prime Location,"Bahria Enclave, Bahria Town",1.7 Crore,https://www.zameen.com//Property/bahria_town_bahria_enclave_royal_mall_and_residency_2_bed_apartment_1450_square_feet_on_4th_floor_sun_facing_available_for_sale_prime_location-46950843-1705-1.html
"8 Marla Brand New Park Facing House Available For Sale In Sector N, Bahria Enclave Islamabad","Bahria Enclave - Sector N, Bahria Enclave",4 Crore,https://www.zameen.com//Property/bahria_enclave_bahria_enclave_-_sector_n_8_marla_brand_new_park_facing_house_available_for_sale_in_sector_n_bahria_enclave_islamabad-48166148-11975-1.html
5 Marla Double Unit House Available For Sale In Faisal Town F-18 Islamabad.,"Faisal Town - F-18, Islamabad",2.4 Crore,https://www.zameen.com//Property/islamabad_faisal_town_-_f-18_5_marla_double_unit_house_available_for_sale_in_faisal_town_f-18_islamabad-48159036-8260-1.html
Prime Location House Of 444 Square Yards Is Available In Contemporary Neighborhood Of G-10,"G-10, Islamabad",17 Crore,https://www.zameen.com//Property/islamabad_g-10_prime_location_house_of_444_square_yards_is_available_in_contemporary_neighborhood_of_g-10-48158381-167-1.html
Spacious Prime Location House Is Available For Sale In Ideal Location Of H-13,"H-13, Islamabad",1.85 Crore,https://www.zameen.com//Property/islamabad_h-13_spacious_prime_location_house_is_available_for_sale_in_ideal_location_of_h-13-48159955-1039-1.html
Prime Location 1800 Square Feet House For Sale In I-11,"I-11, Islamabad",5.5 Crore,https://www.zameen.com//Property/islamabad_i-11_prime_location_1800_square_feet_house_for_sale_in_i-11-48157945-706-1.html
We Offer 03 Bedroom Apartment For Sale On Urgent Basis On Investor Rate In Askari Heights 03 Dha Phase 05 Islamabad,"Askari Heights 4, DHA Phase 5 - Sector H",2.22 Crore,https://www.zameen.com//Property/dha_phase_5_sector_h_askari_heights_4_we_offer_03_bedroom_apartment_for_sale_on_urgent_basis_on_investor_rate_in_askari_heights_03_dha_phase_05_islamabad-47854671-21450-1.html
Cube Apartment Brand New 3 bedroom Ready to Move Available On Reasonable Price,"Bahria Enclave - Sector A, Bahria Enclave",2.5 Crore,https://www.zameen.com//Property/bahria_enclave_bahria_enclave_-_sector_a_cube_apartment_brand_new_3_bedroom_ready_to_move_available_on_reasonable_price-47823821-11970-1.html
Top Location Corner House in F Block MPCHS B-17 Islamabad,"MPCHS - Block F, MPCHS - Multi Gardens",2.5 Crore,https://www.zameen.com//Property/mpchs_multi_gardens_mpchs_-_block_f_top_location_corner_house_in_f_block_mpchs_b-17_islamabad-48167594-8527-1.html
10 MARLA PRIME LOCATION HOUSE FOR SALE B BLOCK B17 ISLAMABAD,"MPCHS - Block B, MPCHS - Multi Gardens",4.95 Crore,https://www.zameen.com//Property/mpchs_multi_gardens_mpchs_-_block_b_10_marla_prime_location_house_for_sale_b_block_b17_islamabad-48167503-3117-1.html
F10 600sq. y Double Story House 5beds 2 Kitchens 2 Gates Tiled Floors,"F-10, Islamabad",24 Crore,https://www.zameen.com//Property/islamabad_f-10_f10_600sq_y_double_story_house_5beds_2_kitchens_2_gates_tiled_floors-46236644-162-1.html
Ideal Location 1 Kanal Luxury Designer House Up For Sale At Investor Price,"Bahria Enclave - Sector C, Bahria Enclave",8 Crore,https://www.zameen.com//Property/bahria_enclave_bahria_enclave_-_sector_c_ideal_location_1_kanal_luxury_designer_house_up_for_sale_at_investor_price-48166867-11973-1.html
Beautiful Designers House For Sale,"Pakistan Town - Phase 2, Pakistan Town",3.95 Crore,https://www.zameen.com//Property/pakistan_town_pakistan_town_-_phase_2_beautiful_designers_house_for_sale-48166793-16525-1.html
1 Kanal Single Unit House For Sale Near McDonald's And Giga Mall,"DHA Defence Phase 2, DHA Defence",9.5 Crore,https://www.zameen.com//Property/dha_defence_dha_defence_phase_2_1_kanal_single_unit_house_for_sale_near_mcdonald_s_and_giga_mall-45905965-339-1.html
We Offer 20 Marla Brand New Designer House for Sale on (Urgent Basis) on (Investor Rate) in DHA 2 Islamabad,"DHA Phase 2 - Sector D, DHA Defence Phase 2",8.75 Crore,https://www.zameen.com//Property/dha_defence_phase_2_dha_phase_2_-_sector_d_we_offer_20_marla_brand_new_designer_house_for_sale_on_urgent_basis_on_investor_rate_in_dha_2_islamabad-48076691-3199-1.html
Brand New Luxury 6 Bed Double Unit Park Face,"DHA Defence Phase 2, DHA Defence",8.5 Crore,https://www.zameen.com//Property/dha_defence_dha_defence_phase_2_brand_new_luxury_6_bed_double_unit_park_face-45574400-339-1.html
Brand New Flat For Sale In G-11/3 Islamabad.,"G-11/3, G-11",1.54 Crore,https://www.zameen.com//Property/g_11_g-11_3_brand_new_flat_for_sale_in_g-11_3_islamabad-47459590-3332-1.html
An Excellent Appartment Silver Oaks Is Available For Sale,"Silver Oaks Apartments, F-10",7.25 Crore,https://www.zameen.com//Property/f_10_silver_oaks_apartments_an_excellent_appartment_silver_oaks_is_available_for_sale-48167607-11308-1.html
Brand New 5 Marla Elegant House Available On Reasonable Price,"Bahria Enclave - Sector N, Bahria Enclave",2.1 Crore,https://www.zameen.com//Property/bahria_enclave_bahria_enclave_-_sector_n_brand_new_5_marla_elegant_house_available_on_reasonable_price-48167603-11975-1.html
We Offer 20 Marla Brand New Designer House for Sale on (Urgent Basis) on (Investor Rate) in DHA 2 Islamabad,"DHA Defence Phase 2, DHA Defence",8.85 Crore,https://www.zameen.com//Property/dha_defence_dha_defence_phase_2_we_offer_20_marla_brand_new_designer_house_for_sale_on_urgent_basis_on_investor_rate_in_dha_2_islamabad-47845526-339-1.html
Best Ever Designer Luxurious House For Sale At Dha 2,"DHA Defence Phase 2, DHA Defence",8.5 Crore,https://www.zameen.com//Property/dha_defence_dha_defence_phase_2_best_ever_designer_luxurious_house_for_sale_at_dha_2-45573311-339-1.html
luxury 1 bed apartment in zarkon heights,"Zarkon Heights, G-15",1.05 Crore,https://www.zameen.com//Property/g_15_zarkon_heights_luxury_1_bed_apartment_in_zarkon_heights-47535723-10169-1.html
Semi Furnished Splendor 1250 Sq ft Flat For Sale In The Royal Mall & Residency,"Bahria Enclave, Bahria Town",1.63 Crore,https://www.zameen.com//Property/bahria_town_bahria_enclave_semi_furnished_splendor_1250_sq_ft_flat_for_sale_in_the_royal_mall_residency-48093536-1705-1.html
8 Marla Brand New House in DHA Phase 3 Sector B Available for Sale,"DHA Defence Phase 3, DHA Defence",4 Crore,https://www.zameen.com//Property/dha_defence_dha_defence_phase_3_8_marla_brand_new_house_in_dha_phase_3_sector_b_available_for_sale-48148906-8412-1.html
I-10/2 Near By Chambeli Road Nd Near By Park VVip Location Pillar Style House For Sale,"I-10, Islamabad",3.35 Crore,https://www.zameen.com//Property/islamabad_i-10_i-10_2_near_by_chambeli_road_nd_near_by_park_vvip_location_pillar_style_house_for_sale-48163617-173-1.html
Beautiful Designer 1 Kanal House For Sale SECTOR H DHA Phase 2 Defence Islamabad,"DHA Defence Phase 2, DHA Defence",13.95 Crore,https://www.zameen.com//Property/dha_defence_dha_defence_phase_2_beautiful_designer_1_kanal_house_for_sale_sector_h_dha_phase_2_defence_islamabad-47620130-339-1.html
30x60 7 Marla Brand New Luxury House For Sale G-13,"G-13, Islamabad",6.3 Crore,https://www.zameen.com//Property/islamabad_g-13_30x60_7_marla_brand_new_luxury_house_for_sale_g-13-47863529-330-1.html
Brand New 1 Kanal House For Sale,"Top City 1 - Block B, Top City 1",8.5 Crore,https://www.zameen.com//Property/top_city_1_top_city_1_-_block_b_brand_new_1_kanal_house_for_sale-47201713-9230-1.html
"2 Kanal House for sale in DHA-2 ,Sector H , Islamabad","DHA Phase 2 - Sector H, DHA Defence Phase 2",16 Crore,https://www.zameen.com//Property/dha_defence_phase_2_dha_phase_2_-_sector_h_2_kanal_house_for_sale_in_dha-2_sector_h_islamabad-48082588-3203-1.html
Brand New House For Sale In G15 Size 40*80 Water Bore Working Very Well Near To Markaz Masjid Park Best Location Five Options Available,"G-15, Islamabad",5.7 Crore,https://www.zameen.com//Property/islamabad_g-15_brand_new_house_for_sale_in_g15_size_40_80_water_bore_working_very_well_near_to_markaz_masjid_park_best_location_five_options_available-48159718-764-1.html
"Exclusive Offer: Modern 1-Bed Apartment in Safra Prima, Downtown Park View City Islamabad - 30% Down Payment, Easy Installments","Park View City - Downtown Block, Park View City",1.07 Crore,https://www.zameen.com//Property/park_view_city_park_view_city_-_downtown_block_exclusive_offer_modern_1-bed_apartment_in_safra_prima_downtown_park_view_city_islamabad_-_30_down_payment_easy_installments-48021183-20871-1.html
The Gate One Bedroom Standard Size 650 Sq Ft Apartment For Sale,"The Gate Mall & Apartments, Faisal Town - F-18",47 Lakh,https://www.zameen.com//Property/faisal_town_f_18_the_gate_mall_apartments_the_gate_one_bedroom_standard_size_650_sq_ft_apartment_for_sale-47394522-11456-1.html
The Gate Executive - 1 Bedroom Size 800 Sqft Apartment For Sale,"The Gate Mall & Apartments, Faisal Town - F-18",55 Lakh,https://www.zameen.com//Property/faisal_town_f_18_the_gate_mall_apartments_the_gate_executive_-_1_bedroom_size_800_sqft_apartment_for_sale-47394577-11456-1.html
3 Beds Brand New 5 Mara Bungalow For Sale Located In Bahria Enclave Islamabad,"Bahria Enclave - Sector N, Bahria Enclave",2.3 Crore,https://www.zameen.com//Property/bahria_enclave_bahria_enclave_-_sector_n_3_beds_brand_new_5_mara_bungalow_for_sale_located_in_bahria_enclave_islamabad-46586711-11975-1.html
Brand New 3 Beds 5 Marla House For Sale Located In Bahria Enclave,"Bahria Enclave, Bahria Town",2.5 Crore,https://www.zameen.com//Property/bahria_town_bahria_enclave_brand_new_3_beds_5_marla_house_for_sale_located_in_bahria_enclave-46610311-1705-1.html
Brand New House For Sale Sector B1 Bahria Enclave Islamabad,"Bahria Enclave - Sector B1, Bahria Enclave",2.85 Crore,https://www.zameen.com//Property/bahria_enclave_bahria_enclave_-_sector_b1_brand_new_house_for_sale_sector_b1_bahria_enclave_islamabad-47081350-11972-1.html
Brand New House For Sale Location Sector B1 Bahria Enclave Islamabad,"Bahria Enclave - Sector B1, Bahria Enclave",3.1 Crore,https://www.zameen.com//Property/bahria_enclave_bahria_enclave_-_sector_b1_brand_new_house_for_sale_location_sector_b1_bahria_enclave_islamabad-47097171-11972-1.html
Corner House For Sale Location Sector H Main Boulevard Bahria Enclave Islamabad,"Bahria Enclave - Sector H, Bahria Enclave",2.12 Crore,https://www.zameen.com//Property/bahria_enclave_bahria_enclave_-_sector_h_corner_house_for_sale_location_sector_h_main_boulevard_bahria_enclave_islamabad-47394447-11983-1.html
Top Location Beautiful House With Best Design For Sale,"DHA Defence Phase 2, DHA Defence",10.75 Crore,https://www.zameen.com//Property/dha_defence_dha_defence_phase_2_top_location_beautiful_house_with_best_design_for_sale-45573326-339-1.html
5.5 Marla 4 Bed Luxurious Designer Double Unit House For Sale,"DHA Defence Phase 2, DHA Defence",3.4 Crore,https://www.zameen.com//Property/dha_defence_dha_defence_phase_2_5_5_marla_4_bed_luxurious_designer_double_unit_house_for_sale-45890552-339-1.html
Single Unit Brand New House For Sale At Dha Phase 2,"DHA Defence Phase 2, DHA Defence",13 Crore,https://www.zameen.com//Property/dha_defence_dha_defence_phase_2_single_unit_brand_new_house_for_sale_at_dha_phase_2-45600470-339-1.html
Brand New Single Unit House In Dha Phase 2 Islamabad,"DHA Defence Phase 2, DHA Defence",11.95 Crore,https://www.zameen.com//Property/dha_defence_dha_defence_phase_2_brand_new_single_unit_house_in_dha_phase_2_islamabad-45600433-339-1.html
1 Kanal Designer House For Sale At Outclass Location,"DHA Defence Phase 2, DHA Defence",11.9 Crore,https://www.zameen.com//Property/dha_defence_dha_defence_phase_2_1_kanal_designer_house_for_sale_at_outclass_location-45600391-339-1.html
One kanal brand new beautiful triple unit HousePrime location of Dha2,"DHA Defence Phase 2, DHA Defence",11 Crore,https://www.zameen.com//Property/dha_defence_dha_defence_phase_2_one_kanal_brand_new_beautiful_triple_unit_houseprime_location_of_dha2-47042439-339-1.html
One Kanal Brand New Beautiful Luxurious House Prime Location Of Dha 2,"DHA Defence Phase 2, DHA Defence",10.5 Crore,https://www.zameen.com//Property/dha_defence_dha_defence_phase_2_one_kanal_brand_new_beautiful_luxurious_house_prime_location_of_dha_2-47078963-339-1.html
One Kanal Beautiful Corner House Prime Location Of Dha 2,"DHA Defence Phase 2, DHA Defence",7.9 Crore,https://www.zameen.com//Property/dha_defence_dha_defence_phase_2_one_kanal_beautiful_corner_house_prime_location_of_dha_2-47079179-339-1.html
40x80 Single Storey House For Sale At Very Wide Road.,"I-8, Islamabad",10.5 Crore,https://www.zameen.com//Property/islamabad_i-8_40x80_single_storey_house_for_sale_at_very_wide_road-48035372-174-1.html
35x80 House For Sale In Closed End Street,"I-8, Islamabad",12.5 Crore,https://www.zameen.com//Property/islamabad_i-8_35x80_house_for_sale_in_closed_end_street-48035470-174-1.html
Beautifully Constructed Prime Location Flat Is Available For sale In Faisal Town - F-18,"Faisal Town - F-18, Islamabad",69.81 Lakh,https://www.zameen.com//Property/islamabad_faisal_town_-_f-18_beautifully_constructed_prime_location_flat_is_available_for_sale_in_faisal_town_-_f-18-48142349-8260-1.html
4 Marla Used House For Sale In G-13/1 Islamabad,"G-13, Islamabad",3.2 Crore,https://www.zameen.com//Property/islamabad_g-13_4_marla_used_house_for_sale_in_g-13_1_islamabad-48098083-330-1.html
Brand New One Kanal House For Sale At Prime Location,"DHA Defence Phase 2, DHA Defence",11.5 Crore,https://www.zameen.com//Property/dha_defence_dha_defence_phase_2_brand_new_one_kanal_house_for_sale_at_prime_location-47377994-339-1.html
5 Marla Single Storey House For Sale In Ghauri Town Phase 4c2,"Ghauri Town Phase 4 C2, Ghauri Town",1.15 Crore,https://www.zameen.com//Property/ghauri_town_ghauri_town_phase_4_c2_5_marla_single_storey_house_for_sale_in_ghauri_town_phase_4c2-47773653-16230-1.html
Corner House Spread Over 13 Marla In DHA Phase 3 - Block B Available,"DHA Phase 3 - Block B, DHA Defence Phase 3",5.9 Crore,https://www.zameen.com//Property/dha_defence_phase_3_dha_phase_3_-_block_b_corner_house_spread_over_13_marla_in_dha_phase_3_-_block_b_available-48074474-16227-1.html
10 Marla Double Story House Available For Sale In Gulberg Greens Islamabad,"Gulberg Greens, Gulberg",4.7 Crore,https://www.zameen.com//Property/gulberg_gulberg_greens_10_marla_double_story_house_available_for_sale_in_gulberg_greens_islamabad-47953528-8312-1.html
Beautiful New House For Sale,"Soan Garden, Islamabad",4.5 Crore,https://www.zameen.com//Property/islamabad_soan_garden_beautiful_new_house_for_sale-48007875-338-1.html
1120 Square Feet Spacious Flat Is Available In Park View City For Sale,"Park View City, Islamabad",2.07 Crore,https://www.zameen.com//Property/islamabad_park_view_city_1120_square_feet_spacious_flat_is_available_in_park_view_city_for_sale-47915547-10933-1.html
Green Heights 1 Bed Size 470 Sqft Residential Apartment On Investors Price For Sale,"B-17, Islamabad",38 Lakh,https://www.zameen.com//Property/islamabad_b-17_green_heights_1_bed_size_470_sqft_residential_apartment_on_investors_price_for_sale-47418915-616-1.html
Green Heights 2 Bed Size 925 sqft Residential Apartment on INVESTORS PRICE For Sale,"B-17, Islamabad",69.38 Lakh,https://www.zameen.com//Property/islamabad_b-17_green_heights_2_bed_size_925_sqft_residential_apartment_on_investors_price_for_sale-47419115-616-1.html
House For Sale Location: Sector N Main Boulevard Bahria Enclave Islamabad,"Bahria Enclave - Sector N, Bahria Enclave",2.45 Crore,https://www.zameen.com//Property/bahria_enclave_bahria_enclave_-_sector_n_house_for_sale_location_sector_n_main_boulevard_bahria_enclave_islamabad-47907550-11975-1.html
Brand New 10 Marla Designer House C1 Bahria Enclave Islamabad,"Bahria Enclave, Bahria Town",5.5 Crore,https://www.zameen.com//Property/bahria_town_bahria_enclave_brand_new_10_marla_designer_house_c1_bahria_enclave_islamabad-45860589-1705-1.html
Two Bedroom Unfurnished Apartments Available For Sale In Capital Residencia E-11,"Capital Residencia, Margalla Hills-2",1.8 Crore,https://www.zameen.com//Property/margalla_hills_2_capital_residencia_two_bedroom_unfurnished_apartments_available_for_sale_in_capital_residencia_e-11-48039751-10573-1.html
25x40 House For Sale In G-14 4,"G-14/4, G-14",3.1 Crore,https://www.zameen.com//Property/g_14_g-14_4_25x40_house_for_sale_in_g-14_4-48135119-3346-1.html
5 Marla Brand New House Available For Sale Sec H,"Bahria Enclave, Bahria Town",2.55 Crore,https://www.zameen.com//Property/bahria_town_bahria_enclave_5_marla_brand_new_house_available_for_sale_sec_h-48165730-1705-1.html
One Kanal Beautiful Luxurious House,"DHA Defence Phase 2, DHA Defence",11.5 Crore,https://www.zameen.com//Property/dha_defence_dha_defence_phase_2_one_kanal_beautiful_luxurious_house-47079292-339-1.html
One Kanal Beautiful Luxurious House,"DHA Defence Phase 2, DHA Defence",13 Crore,https://www.zameen.com//Property/dha_defence_dha_defence_phase_2_one_kanal_beautiful_luxurious_house-47079381-339-1.html
One Kanal Brand New Beautiful Triple Unit House For Sale Prime Location Of Dha 2,"DHA Defence Phase 2, DHA Defence",12 Crore,https://www.zameen.com//Property/dha_defence_dha_defence_phase_2_one_kanal_brand_new_beautiful_triple_unit_house_for_sale_prime_location_of_dha_2-47083280-339-1.html
Beautiful House Size 25-40 Ideal location Double story location i-10-1 near markaz,"I-10/1, I-10",2.65 Crore,https://www.zameen.com//Property/i_10_i-10_1_beautiful_house_size_25-40_ideal_location_double_story_location_i-10-1_near_markaz-48167484-3420-1.html
Ideal location size 25-60 I-10-2 House for sale,"I-10/2, I-10",2.85 Crore,https://www.zameen.com//Property/i_10_i-10_2_ideal_location_size_25-60_i-10-2_house_for_sale-48167425-3421-1.html
F. 11 New Stylish Double Storey House 5 Beds Wooden Floors Price 20 Crore,"F-11, Islamabad",20 Crore,https://www.zameen.com//Property/islamabad_f-11_f_11_new_stylish_double_storey_house_5_beds_wooden_floors_price_20_crore-42401503-163-1.html
F11 Front Open 666 Square Yard Double Storey 6 Beds 2 Kitchens 20 Crore,"F-11, Islamabad",20 Crore,https://www.zameen.com//Property/islamabad_f-11_f11_front_open_666_square_yard_double_storey_6_beds_2_kitchens_20_crore-42693839-163-1.html
14 Marla 40 X 80 Brand New Modern Luxury Corner House For Sale In G. 13 Islamabad,"G-13, Islamabad",10.85 Crore,https://www.zameen.com//Property/islamabad_g-13_14_marla_40_x_80_brand_new_modern_luxury_corner_house_for_sale_in_g_13_islamabad-48167331-330-1.html
1 Kanal Brand New Double Unit House For Sale In Dha 2 Islamabad,"DHA Defence Phase 2, DHA Defence",9.95 Crore,https://www.zameen.com//Property/dha_defence_dha_defence_phase_2_1_kanal_brand_new_double_unit_house_for_sale_in_dha_2_islamabad-47937230-339-1.html
1 Kanal Brand New Designer House Available For Sale In DHA 2 Islamabad,"DHA Defence Phase 2, DHA Defence",13 Crore,https://www.zameen.com//Property/dha_defence_dha_defence_phase_2_1_kanal_brand_new_designer_house_available_for_sale_in_dha_2_islamabad-48027575-339-1.html
1450 Square Feet Flat In Bahria Enclave For Sale At Good Location,"Bahria Enclave, Bahria Town",1.89 Crore,https://www.zameen.com//Property/bahria_town_bahria_enclave_1450_square_feet_flat_in_bahria_enclave_for_sale_at_good_location-48018648-1705-1.html
Excellent Apartment For Sale In Karakoram Apartments,"Karakoram Diplomatic Enclave, Islamabad",13 Crore,https://www.zameen.com//Property/islamabad_karakoram_diplomatic_enclave_excellent_apartment_for_sale_in_karakoram_apartments-47864660-9063-1.html
Ultra-Modern Designer Brand New 1 Kanal House For Sale,"DHA Defence Phase 2, DHA Defence",11.9 Crore,https://www.zameen.com//Property/dha_defence_dha_defence_phase_2_ultra-modern_designer_brand_new_1_kanal_house_for_sale-47889976-339-1.html
House for Sale,"Bahria Town, Islamabad",13 Crore,https://www.zameen.com//Property/islamabad_bahria_town_house_for_sale-47874144-383-1.html
1 Kanal Brand New Home For Sale In Dha Phase 2 Islamabad,"DHA Phase 2 - Sector A, DHA Defence Phase 2",13 Crore,https://www.zameen.com//Property/dha_defence_phase_2_dha_phase_2_-_sector_a_1_kanal_brand_new_home_for_sale_in_dha_phase_2_islamabad-45236102-3196-1.html
Well-Constructed Brand New House Available For Sale In G-15,"G-15, Islamabad",3.5 Crore,https://www.zameen.com//Property/islamabad_g-15_well-constructed_brand_new_house_available_for_sale_in_g-15-48023067-764-1.html
Brand New Auspicious Design House On Prime Location Up For Sale,"DHA Defence Phase 2, DHA Defence",13.95 Crore,https://www.zameen.com//Property/dha_defence_dha_defence_phase_2_brand_new_auspicious_design_house_on_prime_location_up_for_sale-47506240-339-1.html
G-13 25x40 Double Storey House Available,"G-13, Islamabad",3.1 Crore,https://www.zameen.com//Property/islamabad_g-13_g-13_25x40_double_storey_house_available-48113564-330-1.html
Brand New Sector H 5 marla house for sale,"Bahria Enclave - Sector H, Bahria Enclave",2.3 Crore,https://www.zameen.com//Property/bahria_enclave_bahria_enclave_-_sector_h_brand_new_sector_h_5_marla_house_for_sale-46890366-11983-1.html
10 marla brand new house for sale,"Bahria Enclave, Bahria Town",3.9 Crore,https://www.zameen.com//Property/bahria_town_bahria_enclave_10_marla_brand_new_house_for_sale-47000423-1705-1.html
10 Marla Brand New House Avalabil Far Sale In G13 ISLAMABAD,"G-13, Islamabad",9.7 Crore,https://www.zameen.com//Property/islamabad_g-13_10_marla_brand_new_house_avalabil_far_sale_in_g13_islamabad-46184411-330-1.html
In G-13 4 Marla House For sale,"G-13, Islamabad",3.15 Crore,https://www.zameen.com//Property/islamabad_g-13_in_g-13_4_marla_house_for_sale-48001094-330-1.html
Get A 10 Marla House For Sale In G-13,"G-13, Islamabad",7 Crore,https://www.zameen.com//Property/islamabad_g-13_get_a_10_marla_house_for_sale_in_g-13-48001096-330-1.html
Buy A House Of 3200 Square Feet In G-13,"G-13, Islamabad",8.5 Crore,https://www.zameen.com//Property/islamabad_g-13_buy_a_house_of_3200_square_feet_in_g-13-48001095-330-1.html
A 1800 Square Feet House Located In G-13 Is Available For sale,"G-13, Islamabad",5.5 Crore,https://www.zameen.com//Property/islamabad_g-13_a_1800_square_feet_house_located_in_g-13_is_available_for_sale-48001097-330-1.html
Corner Category Option Of 4 Kanal Foem Houses Available On Down Payment In Sec M Near To Simli Dam Road Bahria Enclave Islamabad,"Bahria Enclave - Sector M, Bahria Enclave",8 Crore,https://www.zameen.com//Property/bahria_enclave_bahria_enclave_-_sector_m_corner_category_option_of_4_kanal_foem_houses_available_on_down_payment_in_sec_m_near_to_simli_dam_road_bahria_enclave_islamabad-46238416-11977-1.html
Brand New Designer Kanal Park Facing House Available For Sale In Sec C Bahria Enclave Islamabad,"Bahria Enclave - Sector C, Bahria Enclave",11.5 Crore,https://www.zameen.com//Property/bahria_enclave_bahria_enclave_-_sector_c_brand_new_designer_kanal_park_facing_house_available_for_sale_in_sec_c_bahria_enclave_islamabad-46705653-11973-1.html
BRAND NEW 13M CORNER PARK FACING A++ MATERIAL HOUSE AVAILABLE FOR SALE IN SEC C1 BAHRIA ENCLAVE ISLAMABAD,"Bahria Enclave - Sector C1, Bahria Enclave",6.75 Crore,https://www.zameen.com//Property/bahria_enclave_bahria_enclave_-_sector_c1_brand_new_13m_corner_park_facing_a_material_house_available_for_sale_in_sec_c1_bahria_enclave_islamabad-47428444-11987-1.html
Bahria Enclave Islamabad B 5 Marla House Available For Sale,"Bahria Enclave - Sector B1, Bahria Enclave",2.65 Crore,https://www.zameen.com//Property/bahria_enclave_bahria_enclave_-_sector_b1_bahria_enclave_islamabad_b_5_marla_house_available_for_sale-48167224-11972-1.html
5 Marla Brand New Double Storey With Basement And Solar Installed And Fully Furnished House For Sale,"Bahria Enclave - Sector B1, Bahria Enclave",3.05 Crore,https://www.zameen.com//Property/bahria_enclave_bahria_enclave_-_sector_b1_5_marla_brand_new_double_storey_with_basement_and_solar_installed_and_fully_furnished_house_for_sale-45642948-11972-1.html
10 Marla New House Available For Sale In Sector C1 Bahria Enclave Islamabad,"Bahria Enclave - Sector C1, Bahria Enclave",4.5 Crore,https://www.zameen.com//Property/bahria_enclave_bahria_enclave_-_sector_c1_10_marla_new_house_available_for_sale_in_sector_c1_bahria_enclave_islamabad-45292238-11987-1.html
Best Options For House Is Available For sale In Bahria Enclave - Sector C1,"Bahria Enclave - Sector C1, Bahria Enclave",4.8 Crore,https://www.zameen.com//Property/bahria_enclave_bahria_enclave_-_sector_c1_best_options_for_house_is_available_for_sale_in_bahria_enclave_-_sector_c1-44488367-11987-1.html
G-11/4 PHA D-Type Fully Renovated Ground Floor Flat For Sale,"G-11, Islamabad",2.6 Crore,https://www.zameen.com//Property/islamabad_g-11_g-11_4_pha_d-type_fully_renovated_ground_floor_flat_for_sale-48167171-168-1.html
Sector A 1 Bed Cube Apartment 1083 Square Feet Possessionable on 5th Floor Park Facing Available for Sale,"Bahria Enclave, Bahria Town",1 Crore,https://www.zameen.com//Property/bahria_town_bahria_enclave_sector_a_1_bed_cube_apartment_1083_square_feet_possessionable_on_5th_floor_park_facing_available_for_sale-48023568-1705-1.html
Galleria 3 Bed Apartment 1695 Square Feet on 1st Floor Outer facing Available for Sale,"Bahria Enclave, Bahria Town",1.5 Crore,https://www.zameen.com//Property/bahria_town_bahria_enclave_galleria_3_bed_apartment_1695_square_feet_on_1st_floor_outer_facing_available_for_sale-47926007-1705-1.html
Beautiful Flat For Sale In I-8/1,"I-8/1, I-8",2.3 Crore,https://www.zameen.com//Property/i_8_i-8_1_beautiful_flat_for_sale_in_i-8_1-47566340-3441-1.html
Bahria Enclave Islamabad Sector I The Galleria Three Bed Gold Inner Face Appartment For Sale,"Bahria Enclave - Sector I, Bahria Enclave",1.45 Crore,https://www.zameen.com//Property/bahria_enclave_bahria_enclave_-_sector_i_bahria_enclave_islamabad_sector_i_the_galleria_three_bed_gold_inner_face_appartment_for_sale-48134834-11982-1.html
The Galleria Three Bed Room Diamond Category Apartment Available For Sale At Reasonable Price On 4th Floor,"Bahria Enclave, Bahria Town",2.15 Crore,https://www.zameen.com//Property/bahria_town_bahria_enclave_the_galleria_three_bed_room_diamond_category_apartment_available_for_sale_at_reasonable_price_on_4th_floor-47689663-1705-1.html
Flat In F-8 Markaz For sale,"F-8 Markaz, F-8",3.5 Crore,https://www.zameen.com//Property/f_8_f-8_markaz_flat_in_f-8_markaz_for_sale-46747663-3318-1.html
SUPPER LUXURY NEW BRAND HOUSE 7 MARLA SALE IN G13 ISLAMBAD,"G-13, Islamabad",6.5 Crore,https://www.zameen.com//Property/islamabad_g-13_supper_luxury_new_brand_house_7_marla_sale_in_g13_islambad-48134431-330-1.html
Beautiful 10.5 Marla House For Sale At Beautiful Location,"Bahria Enclave - Sector A, Bahria Enclave",4.95 Crore,https://www.zameen.com//Property/bahria_enclave_bahria_enclave_-_sector_a_beautiful_10_5_marla_house_for_sale_at_beautiful_location-48152689-11970-1.html
Brand New Beautiful House Is Available For Sale,"B-17, Islamabad",4.85 Crore,https://www.zameen.com//Property/islamabad_b-17_brand_new_beautiful_house_is_available_for_sale-48064127-616-1.html
F-10 Dead End Street Peace Full Location Old House For Sale,"F-10/2, F-10",17.5 Crore,https://www.zameen.com//Property/f_10_f-10_2_f-10_dead_end_street_peace_full_location_old_house_for_sale-48150682-3277-1.html
A Gorgeous 10 Marla Brand New Double unit House With Original Picture For Sale in Bahria Enclave Islamabad,"Bahria Enclave, Bahria Town",4.35 Crore,https://www.zameen.com//Property/bahria_town_bahria_enclave_a_gorgeous_10_marla_brand_new_double_unit_house_with_original_picture_for_sale_in_bahria_enclave_islamabad-46702384-1705-1.html
N 5 Marla Brand New House For Sale,"Bahria Enclave - Sector N, Bahria Enclave",2.3 Crore,https://www.zameen.com//Property/bahria_enclave_bahria_enclave_-_sector_n_n_5_marla_brand_new_house_for_sale-45563733-11975-1.html
Reserve A Centrally Located House Of 5 Marla In Gulshan-e-Sehat 1 - Block D,"Gulshan-e-Sehat 1 - Block D, Gulshan-e-Sehat 1",1.55 Crore,https://www.zameen.com//Property/gulshan_e_sehat_1_gulshan-e-sehat_1_-_block_d_reserve_a_centrally_located_house_of_5_marla_in_gulshan-e-sehat_1_-_block_d-42805904-3262-1.html
7 Marla Beautiful House,"E-18, Islamabad",1.45 Crore,https://www.zameen.com//Property/islamabad_e-18_7_marla_beautiful_house-46068478-332-1.html
MODERN 5 MARLA SINGLE STORY HOUSE AVAILABLE FOR SALE IN GHOURI TOWN ISLAMABAD,"Ghauri Town Phase 4 C2, Ghauri Town",95 Lakh,https://www.zameen.com//Property/ghauri_town_ghauri_town_phase_4_c2_modern_5_marla_single_story_house_available_for_sale_in_ghouri_town_islamabad-48144794-16230-1.html
MODERN 5 MARLA DOUBLE UNIT HOUSE AVAILABLE FOR SALE IN GHOURI TOWN ISLAMABAD,"Ghauri Town Phase 4B, Ghauri Town",1.7 Crore,https://www.zameen.com//Property/ghauri_town_ghauri_town_phase_4b_modern_5_marla_double_unit_house_available_for_sale_in_ghouri_town_islamabad-48146528-14964-1.html
35x80 Double Storey House Is Available For Sale In Sector I-8/3,"I-8/3, I-8",11.25 Crore,https://www.zameen.com//Property/i_8_i-8_3_35x80_double_storey_house_is_available_for_sale_in_sector_i-8_3-48007366-3443-1.html
10 Marla Brand New House Available For Sale In Sector A,"Bahria Enclave - Sector A, Bahria Enclave",5 Crore,https://www.zameen.com//Property/bahria_enclave_bahria_enclave_-_sector_a_10_marla_brand_new_house_available_for_sale_in_sector_a-47744408-11970-1.html
10 Marla Brand New double unite designer house is available for sale,"Bahria Enclave - Sector C1, Bahria Enclave",5.25 Crore,https://www.zameen.com//Property/bahria_enclave_bahria_enclave_-_sector_c1_10_marla_brand_new_double_unite_designer_house_is_available_for_sale-47996651-11987-1.html
Brand New 5 Marla Semi Corner Elegant House Available,"Bahria Enclave - Sector B1, Bahria Enclave",2.7 Crore,https://www.zameen.com//Property/bahria_enclave_bahria_enclave_-_sector_b1_brand_new_5_marla_semi_corner_elegant_house_available-48167068-11972-1.html
"8 Marla House For Sale, G-11/3 Islamabad","G-11/3, G-11",6.5 Crore,https://www.zameen.com//Property/g_11_g-11_3_8_marla_house_for_sale_g-11_3_islamabad-47889188-3332-1.html
Brand New 5 Marla House Back Open Beautiful Location Available For Sale,"Bahria Enclave - Sector H, Bahria Enclave",2.7 Crore,https://www.zameen.com//Property/bahria_enclave_bahria_enclave_-_sector_h_brand_new_5_marla_house_back_open_beautiful_location_available_for_sale-48167012-11983-1.html
Brand New 5 Marla Elegant House Beautiful location Available,"Bahria Enclave - Sector H, Bahria Enclave",2.55 Crore,https://www.zameen.com//Property/bahria_enclave_bahria_enclave_-_sector_h_brand_new_5_marla_elegant_house_beautiful_location_available-48166961-11983-1.html
G-11/3 PHA C-Type Fully Renovated Tile Floor First floor flat For Sale,"G-11, Islamabad",2 Crore,https://www.zameen.com//Property/islamabad_g-11_g-11_3_pha_c-type_fully_renovated_tile_floor_first_floor_flat_for_sale-46805115-168-1.html
Luxurious Ultra Modern Designer House For Sale,"DHA Defence Phase 2, DHA Defence",12.5 Crore,https://www.zameen.com//Property/dha_defence_dha_defence_phase_2_luxurious_ultra_modern_designer_house_for_sale-48166890-339-1.html
Main Double Road Old House For Sale,"G-10, Islamabad",11.5 Crore,https://www.zameen.com//Property/islamabad_g-10_main_double_road_old_house_for_sale-47805389-167-1.html
Luxurious Living Redefined One Kanal Designer House For Sale In DHA Phase 2 Islamabad,"DHA Defence Phase 2, DHA Defence",10.75 Crore,https://www.zameen.com//Property/dha_defence_dha_defence_phase_2_luxurious_living_redefined_one_kanal_designer_house_for_sale_in_dha_phase_2_islamabad-47978940-339-1.html
Luxurious Brand New House For Sale At Dha 2,"DHA Defence Phase 2, DHA Defence",13.95 Crore,https://www.zameen.com//Property/dha_defence_dha_defence_phase_2_luxurious_brand_new_house_for_sale_at_dha_2-47494206-339-1.html
15 Marla Brand New House For Sale,"DHA Defence Phase 2, DHA Defence",6.65 Crore,https://www.zameen.com//Property/dha_defence_dha_defence_phase_2_15_marla_brand_new_house_for_sale-45786253-339-1.html
Kanal Royal Design Out Class Modern Luxury Bungalow For Sale In Dha 2 Islamabad,"DHA Defence Phase 2, DHA Defence",13.85 Crore,https://www.zameen.com//Property/dha_defence_dha_defence_phase_2_kanal_royal_design_out_class_modern_luxury_bungalow_for_sale_in_dha_2_islamabad-47541789-339-1.html
1 Kanal Luxury Designer Beautiful House For Sale,"DHA Defence Phase 2, DHA Defence",11 Crore,https://www.zameen.com//Property/dha_defence_dha_defence_phase_2_1_kanal_luxury_designer_beautiful_house_for_sale-47481143-339-1.html
Developed Possession | VVIP Location| Solid Land |,"Gulberg Greens - Block D, Gulberg Greens",9.3 Crore,https://www.zameen.com//Property/gulberg_greens_gulberg_greens_-_block_d_developed_possession_vvip_location_solid_land-47996090-8316-1.html
House Available For Rent In Banigala,"Bani Gala, Islamabad",2.35 Crore,https://www.zameen.com//Property/islamabad_bani_gala_house_available_for_rent_in_banigala-48149805-340-1.html
Spacious Prime Location 550 Square Feet Flat Available For sale In Ghauri Town Phase 5,"Ghauri Town Phase 5, Ghauri Town",82.5 Lakh,https://www.zameen.com//Property/ghauri_town_ghauri_town_phase_5_spacious_prime_location_550_square_feet_flat_available_for_sale_in_ghauri_town_phase_5-47972722-3395-1.html
10 Marla House For Sale In Soan Garden Islamabad,"Soan Garden, Islamabad",3.7 Crore,https://www.zameen.com//Property/islamabad_soan_garden_10_marla_house_for_sale_in_soan_garden_islamabad-48023143-338-1.html
Park facing sector H 5 marla house for sale,"Bahria Enclave - Sector H, Bahria Enclave",2.25 Crore,https://www.zameen.com//Property/bahria_enclave_bahria_enclave_-_sector_h_park_facing_sector_h_5_marla_house_for_sale-46890311-11983-1.html
Brand New 8 Marla House On Main Boulevard Available,"Bahria Enclave - Sector C2, Bahria Enclave",4 Crore,https://www.zameen.com//Property/bahria_enclave_bahria_enclave_-_sector_c2_brand_new_8_marla_house_on_main_boulevard_available-47841102-11988-1.html
35x80 New Double Storey House Available For Sale In I-8/3 Near Sangam Market And Kachnar Park,"I-8/3, I-8",13.5 Crore,https://www.zameen.com//Property/i_8_i-8_3_35x80_new_double_storey_house_available_for_sale_in_i-8_3_near_sangam_market_and_kachnar_park-48006829-3443-1.html
F-7 Corner House For Sale,"F-7, Islamabad",38 Crore,https://www.zameen.com//Property/islamabad_f-7_f-7_corner_house_for_sale-47691704-165-1.html
2 Bedroom Unfurnished Apartment For Sale In F11 Al Safa Heights 2,"F-11, Islamabad",2.45 Crore,https://www.zameen.com//Property/islamabad_f-11_2_bedroom_unfurnished_apartment_for_sale_in_f11_al_safa_heights_2-46398620-163-1.html
D12/4 House Available for sale,"D-12/4, D-12",15.4 Crore,https://www.zameen.com//Property/d_12_d-12_4_d12_4_house_available_for_sale-46807408-3157-1.html
2 Bedroom Unfurnished Apartment For Sale In Seccon Hills E-11/2 Northern Strip,"E-11/2, E-11",1.15 Crore,https://www.zameen.com//Property/e_11_e-11_2_2_bedroom_unfurnished_apartment_for_sale_in_seccon_hills_e-11_2_northern_strip-47185205-3233-1.html
Beautiful Designers House For Sale,"Pakistan Town - Phase 2, Pakistan Town",4 Crore,https://www.zameen.com//Property/pakistan_town_pakistan_town_-_phase_2_beautiful_designers_house_for_sale-48166864-16525-1.html
50x90 Beautiful luxury Brand New Sun Face House Available for Sale in G-13 Islamabad On Lucrative Location,"G-13/4, G-13",16 Crore,https://www.zameen.com//Property/g_13_g-13_4_50x90_beautiful_luxury_brand_new_sun_face_house_available_for_sale_in_g-13_islamabad_on_lucrative_location-47787952-3340-1.html
"20 Marla House for sale, E-11/3 Islamabad (police foundation)","E-11/3, E-11",15.95 Crore,https://www.zameen.com//Property/e_11_e-11_3_20_marla_house_for_sale_e-11_3_islamabad_police_foundation-48166671-3238-1.html
30x60 Used Double Unit House Available For Sale In G-13 On Main 70Fit Rod,"G-13, Islamabad",4.95 Crore,https://www.zameen.com//Property/islamabad_g-13_30x60_used_double_unit_house_available_for_sale_in_g-13_on_main_70fit_rod-47952016-330-1.html
40x80 12 Marla Brand new House for Sale G-13,"G-13, Islamabad",9.75 Crore,https://www.zameen.com//Property/islamabad_g-13_40x80_12_marla_brand_new_house_for_sale_g-13-48166640-330-1.html
bahria enclave sector B1 5marla Brand New House available for sale,"Bahria Enclave - Sector B1, Bahria Enclave",2.65 Crore,https://www.zameen.com//Property/bahria_enclave_bahria_enclave_-_sector_b1_bahria_enclave_sector_b1_5marla_brand_new_house_available_for_sale-48166600-11972-1.html
"Sector B, 5 Marla Boulevard House Available For Sale at Reasonable Price","Bahria Enclave - Sector B1, Bahria Enclave",2.5 Crore,https://www.zameen.com//Property/bahria_enclave_bahria_enclave_-_sector_b1_sector_b_5_marla_boulevard_house_available_for_sale_at_reasonable_price-48166574-11972-1.html
Ideal location 5marla 3bedroom brand new house for sale in bahria enclave Islamabad N,"Bahria Enclave - Sector N, Bahria Enclave",2.2 Crore,https://www.zameen.com//Property/bahria_enclave_bahria_enclave_-_sector_n_ideal_location_5marla_3bedroom_brand_new_house_for_sale_in_bahria_enclave_islamabad_n-47787138-11975-1.html
Your Dream Brand New Modern Home Awaits,"F-7, Islamabad",46 Crore,https://www.zameen.com//Property/islamabad_f-7_your_dream_brand_new_modern_home_awaits-46618713-165-1.html
Old House Cda Transfer Prime Location For Sale,"F-7, Islamabad",54 Crore,https://www.zameen.com//Property/islamabad_f-7_old_house_cda_transfer_prime_location_for_sale-46947861-165-1.html
"**Investment Potential In DHA Defense Phase 2**: Secure A Valuable Real Estate Investment In The Highly Sought-After DHA Defense Phase 2 Neighborhood, With Promising Potential For Future Appreciation.","DHA Defence Phase 2, DHA Defence",9.5 Crore,https://www.zameen.com//Property/dha_defence_dha_defence_phase_2_investment_potential_in_dha_defense_phase_2_secure_a_valuable_real_estate_investment_in_the_highly_sought-after_dha_defense_phase_2_neighborhood_with_promising_potential_for_future_appreciation-47315212-339-1.html
Designer 5 Bed Room House At Prime Location Of DHA Islamabad,"DHA Phase 2 - Sector H, DHA Defence Phase 2",13.95 Crore,https://www.zameen.com//Property/dha_defence_phase_2_dha_phase_2_-_sector_h_designer_5_bed_room_house_at_prime_location_of_dha_islamabad-47395129-3203-1.html
Double Storey House Available For Sale In I-8/3 Near Sanga Market And Kachnar Park,"I-8/3, I-8",12.5 Crore,https://www.zameen.com//Property/i_8_i-8_3_double_storey_house_available_for_sale_in_i-8_3_near_sanga_market_and_kachnar_park-47080158-3443-1.html
Modern 7 Marla Double Storey House Available For Sale In Gulberg Greens,"Gulberg Residencia - Block F, Gulberg Residencia",3.7 Crore,https://www.zameen.com//Property/gulberg_residencia_gulberg_residencia_-_block_f_modern_7_marla_double_storey_house_available_for_sale_in_gulberg_greens-48059992-9116-1.html
4 Kanal Luxury Farm House Available For Sale,"Motorway Chowk, Islamabad",6.5 Crore,https://www.zameen.com//Property/islamabad_motorway_chowk_4_kanal_luxury_farm_house_available_for_sale-47687326-10950-1.html
"Type-A 3 Bed 2,050 Sq Ft Ground Floor For Sale Lifestyle Residency G-13","Lifestyle Residency, G-13/1",84 Lakh,https://www.zameen.com//Property/g_13_1_lifestyle_residency_type-a_3_bed_2_050_sq_ft_ground_floor_for_sale_lifestyle_residency_g-13-48081458-10664-1.html
4 Marla Brand New House For Sale In G-13,"G-13/1, G-13",3.6 Crore,https://www.zameen.com//Property/g_13_g-13_1_4_marla_brand_new_house_for_sale_in_g-13-47356076-3337-1.html
Brand New Spacious Apartment For Sale In Askari Tower 3 Dha 5 Islamabad,"Askari Tower 3, DHA Defence Phase 5",3.15 Crore,https://www.zameen.com//Property/dha_defence_phase_5_askari_tower_3_brand_new_spacious_apartment_for_sale_in_askari_tower_3_dha_5_islamabad-48143337-17434-1.html
Bahria Enclave Islamabad Sector I The Galleria Three Bed Diamond Outer Face Appartment For Sale,"Bahria Enclave - Sector I, Bahria Enclave",2.15 Crore,https://www.zameen.com//Property/bahria_enclave_bahria_enclave_-_sector_i_bahria_enclave_islamabad_sector_i_the_galleria_three_bed_diamond_outer_face_appartment_for_sale-48165075-11982-1.html
Brand New 5 Marla Elegant House Available On Reasonable Price In Sector N,"Bahria Enclave - Sector N, Bahria Enclave",2.35 Crore,https://www.zameen.com//Property/bahria_enclave_bahria_enclave_-_sector_n_brand_new_5_marla_elegant_house_available_on_reasonable_price_in_sector_n-48008485-11975-1.html
40x80 12 Marla Brand New Luxury House For Sale G-13,"G-13, Islamabad",10.25 Crore,https://www.zameen.com//Property/islamabad_g-13_40x80_12_marla_brand_new_luxury_house_for_sale_g-13-47863527-330-1.html
7 Marla Brand New Super Duper House,"I-14/2, I-14",3 Crore,https://www.zameen.com//Property/i_14_i-14_2_7_marla_brand_new_super_duper_house-48137990-8341-1.html
6 Marla House For Sale In E-11,"E-11, Islamabad",5.7 Crore,https://www.zameen.com//Property/islamabad_e-11_6_marla_house_for_sale_in_e-11-48039068-329-1.html
"5 Marla Beautiful Modern Design House Available For Sale Near To Main Entrance, Beacon House School &Amp; Hospital","Bahria Enclave - Sector B1, Bahria Enclave",2.7 Crore,https://www.zameen.com//Property/bahria_enclave_bahria_enclave_-_sector_b1_5_marla_beautiful_modern_design_house_available_for_sale_near_to_main_entrance_beacon_house_school_amp_hospital-48164282-11972-1.html
Buy A Centrally Located Facing Park 3200 Square Feet House In I-8/4,"I-8/4, I-8",12 Crore,https://www.zameen.com//Property/i_8_i-8_4_buy_a_centrally_located_facing_park_3200_square_feet_house_in_i-8_4-48082441-3444-1.html
10 Marla 4bedrooms signle designer house for sale in bahria enclave Islamabad sector C1,"Bahria Enclave - Sector C1, Bahria Enclave",5.25 Crore,https://www.zameen.com//Property/bahria_enclave_bahria_enclave_-_sector_c1_10_marla_4bedrooms_signle_designer_house_for_sale_in_bahria_enclave_islamabad_sector_c1-47866982-11987-1.html
ideal location 5marla 3bedroom brand new Back open Boulevard house for sale in bahria enclave Islamabad sector H,"Bahria Enclave - Sector H, Bahria Enclave",2.7 Crore,https://www.zameen.com//Property/bahria_enclave_bahria_enclave_-_sector_h_ideal_location_5marla_3bedroom_brand_new_back_open_boulevard_house_for_sale_in_bahria_enclave_islamabad_sector_h-47959725-11983-1.html
Modern 5 Marla 2.5 Story House Available for Sale Ghauri Town,"Ghauri Town Phase 4B, Ghauri Town",2.3 Crore,https://www.zameen.com//Property/ghauri_town_ghauri_town_phase_4b_modern_5_marla_2_5_story_house_available_for_sale_ghauri_town-48151122-14964-1.html
Modern 7 Marla Double Story House Available for Sale in Jinnah Garden,"Jinnah Gardens, FECHS",3.4 Crore,https://www.zameen.com//Property/fechs_jinnah_gardens_modern_7_marla_double_story_house_available_for_sale_in_jinnah_garden-48134050-1420-1.html
For Sale Good Location And Condition 04 Bed Rooms Askari Apartment In Sector D Dha Phase 2 Islamabad,"DHA Phase 2 - Sector D, DHA Defence Phase 2",3.9 Crore,https://www.zameen.com//Property/dha_defence_phase_2_dha_phase_2_-_sector_d_for_sale_good_location_and_condition_04_bed_rooms_askari_apartment_in_sector_d_dha_phase_2_islamabad-47580070-3199-1.html
Beautiful House Available For sale In Dha Phase 3 Islamabad,"DHA Phase 3 - Block B, DHA Defence Phase 3",2.5 Crore,https://www.zameen.com//Property/dha_defence_phase_3_dha_phase_3_-_block_b_beautiful_house_available_for_sale_in_dha_phase_3_islamabad-48106457-16227-1.html
1 Kanal Brand New Modern Beautiful House In Good Location In Dha Phase 2 Islamabad,"DHA Defence Phase 2, DHA Defence",8.7 Crore,https://www.zameen.com//Property/dha_defence_dha_defence_phase_2_1_kanal_brand_new_modern_beautiful_house_in_good_location_in_dha_phase_2_islamabad-47804052-339-1.html
House For Sale In Best Price,"I-14/1, I-14",3.3 Crore,https://www.zameen.com//Property/i_14_i-14_1_house_for_sale_in_best_price-48166095-8340-1.html
New Owner Built A+ Quality House On Most Prime Location,"DHA Defence Phase 2, DHA Defence",11.5 Crore,https://www.zameen.com//Property/dha_defence_dha_defence_phase_2_new_owner_built_a_quality_house_on_most_prime_location-48011053-339-1.html
Designer Brand New 5 Bed Rooms House Avaliable,"DHA Phase 2 - Sector J, DHA Defence Phase 2",6.8 Crore,https://www.zameen.com//Property/dha_defence_phase_2_dha_phase_2_-_sector_j_designer_brand_new_5_bed_rooms_house_avaliable-48027264-8399-1.html
Luxurious Best Price Brand New 10 Marla House For Sale,"DHA Defence Phase 2, DHA Defence",4.85 Crore,https://www.zameen.com//Property/dha_defence_dha_defence_phase_2_luxurious_best_price_brand_new_10_marla_house_for_sale-48032884-339-1.html
Ultra-Modern Luxurious Brand New 1 Kanal House For Sale,"DHA Defence Phase 2, DHA Defence",10.95 Crore,https://www.zameen.com//Property/dha_defence_dha_defence_phase_2_ultra-modern_luxurious_brand_new_1_kanal_house_for_sale-47889866-339-1.html
5 Marla House For Sale In Bahria Enclave Islamabad In Very Reasonable Price,"Bahria Enclave, Bahria Town",2.1 Crore,https://www.zameen.com//Property/bahria_town_bahria_enclave_5_marla_house_for_sale_in_bahria_enclave_islamabad_in_very_reasonable_price-47972526-1705-1.html
10 Marla Beautiful House For Sale,"Lake View Lanes, Bani Gala",4.3 Crore,https://www.zameen.com//Property/bani_gala_lake_view_lanes_10_marla_beautiful_house_for_sale-47982527-19698-1.html
Brand New First Entry Designer House For Sale In G-13 Islamabad,"G-13, Islamabad",7.5 Crore,https://www.zameen.com//Property/islamabad_g-13_brand_new_first_entry_designer_house_for_sale_in_g-13_islamabad-47548204-330-1.html
New House For Sale In I-10,"I-10/2, I-10",4.3 Crore,https://www.zameen.com//Property/i_10_i-10_2_new_house_for_sale_in_i-10-45780294-3421-1.html
House Is Available For Sale,"Khanna Pul, Islamabad",50 Lakh,https://www.zameen.com//Property/islamabad_khanna_pul_house_is_available_for_sale-47785814-9020-1.html
Perfect Space: 358 sq ft Apartment in B-17 Islamabad Available,"MPCHS - Block E, MPCHS - Multi Gardens",33.5 Lakh,https://www.zameen.com//Property/mpchs_multi_gardens_mpchs_-_block_e_perfect_space_358_sq_ft_apartment_in_b-17_islamabad_available-47778037-3120-1.html
F-7 500 Square Yard 50*90 Livable House Hill Face Cda Transfer Available For Sale,"F-7, Islamabad",28 Crore,https://www.zameen.com//Property/islamabad_f-7_f-7_500_square_yard_50_90_livable_house_hill_face_cda_transfer_available_for_sale-48145405-165-1.html
Sector A Studio Bahria Cube Apartment 638 square feet Near for Possession on 6th Floor Murree facing Available for Sale,"Bahria Enclave, Bahria Town",58 Lakh,https://www.zameen.com//Property/bahria_town_bahria_enclave_sector_a_studio_bahria_cube_apartment_638_square_feet_near_for_possession_on_6th_floor_murree_facing_available_for_sale-47093280-1705-1.html
F-7 / 80x140=1244 Square Yards Corner With Extra Land Demolished House For Sale,"F-7/3, F-7",80 Crore,https://www.zameen.com//Property/f_7_f-7_3_f-7_80x140_1244_square_yards_corner_with_extra_land_demolished_house_for_sale-48162708-3309-1.html
Brand New B1 Type 3 Side Corner Park Facing Villa Available For Sale,"Mirador M7 Village, Emaar Canyon Views",8.75 Crore,https://www.zameen.com//Property/emaar_canyon_views_mirador_m7_village_brand_new_b1_type_3_side_corner_park_facing_villa_available_for_sale-47101671-8498-1.html
5 Marla Corner House Main Double Road For Sale Brand New,"Mumtaz City, Islamabad",2.6 Crore,https://www.zameen.com//Property/islamabad_mumtaz_city_5_marla_corner_house_main_double_road_for_sale_brand_new-48162848-3464-1.html
Double-Story Corner House Near Park and Mosque : Demand (42.5 Million),"Faisal Town Phase 1 - Block B, Faisal Town Phase 1",4.25 Crore,https://www.zameen.com//Property/faisal_town_phase_1_faisal_town_phase_1_-_block_b_double-story_corner_house_near_park_and_mosque_demand_42_5_million-48162783-16417-1.html
Beautiful New House For Sale,"G-13/3, G-13",9.25 Crore,https://www.zameen.com//Property/g_13_g-13_3_beautiful_new_house_for_sale-48089570-3339-1.html
"House For Sale In DHA Phase-2, Sector C Islamabad","DHA Phase 2 - Sector C, DHA Defence Phase 2",9.5 Crore,https://www.zameen.com//Property/dha_defence_phase_2_dha_phase_2_-_sector_c_house_for_sale_in_dha_phase-2_sector_c_islamabad-48166033-3198-1.html
I-11/1 Brand New 25x60 Double Storey House For Sale,"I-11/1, I-11",3.8 Crore,https://www.zameen.com//Property/i_11_i-11_1_i-11_1_brand_new_25x60_double_storey_house_for_sale-46775988-9878-1.html
35x70 Corner Brand New luxury Beautiful House Available for Sale in G-13 Islamabad,"G-13, Islamabad",8.8 Crore,https://www.zameen.com//Property/islamabad_g-13_35x70_corner_brand_new_luxury_beautiful_house_available_for_sale_in_g-13_islamabad-48165952-330-1.html
4.4 Marla luxury Beautiful House Available for Sale in G-14/4 Islamabad,"G-14/4, G-14",3.5 Crore,https://www.zameen.com//Property/g_14_g-14_4_4_4_marla_luxury_beautiful_house_available_for_sale_in_g-14_4_islamabad-47952178-3346-1.html
A 30x60 luxury Beautiful House Available for Sale in G-13 Islamabad,"G-13, Islamabad",5.95 Crore,https://www.zameen.com//Property/islamabad_g-13_a_30x60_luxury_beautiful_house_available_for_sale_in_g-13_islamabad-47980780-330-1.html
Studio Apartment Available In J7 Emporium,"B-17, Islamabad",78.57 Lakh,https://www.zameen.com//Property/islamabad_b-17_studio_apartment_available_in_j7_emporium-47752997-616-1.html
7.5 Marla luxury Beautiful House Available for Sale in G-13 Islamabad,"G-13, Islamabad",6.25 Crore,https://www.zameen.com//Property/islamabad_g-13_7_5_marla_luxury_beautiful_house_available_for_sale_in_g-13_islamabad-48008669-330-1.html
Bahria Enclave Islamabad Sector I The Galleria Three Bed Gold Inner Face Appartment For Sale,"Bahria Enclave - Sector I, Bahria Enclave",1.45 Crore,https://www.zameen.com//Property/bahria_enclave_bahria_enclave_-_sector_i_bahria_enclave_islamabad_sector_i_the_galleria_three_bed_gold_inner_face_appartment_for_sale-48165696-11982-1.html
1 Kanal Brand New Designer House Very Good Location Beautiful Home,"DHA Defence Phase 2, DHA Defence",11.5 Crore,https://www.zameen.com//Property/dha_defence_dha_defence_phase_2_1_kanal_brand_new_designer_house_very_good_location_beautiful_home-47945270-339-1.html
One Kanal Luxurious Designer House PRIME LOCATION OF DHA2,"DHA Defence Phase 2, DHA Defence",14.5 Crore,https://www.zameen.com//Property/dha_defence_dha_defence_phase_2_one_kanal_luxurious_designer_house_prime_location_of_dha2-48096515-339-1.html
Designer Triple Storey House In Sector H,"DHA Phase 2 - Sector H, DHA Defence Phase 2",16.5 Crore,https://www.zameen.com//Property/dha_defence_phase_2_dha_phase_2_-_sector_h_designer_triple_storey_house_in_sector_h-48029577-3203-1.html
308 Square Feet Flat Is Available For Sale,"I-10 Markaz, I-10",1.05 Crore,https://www.zameen.com//Property/i_10_i-10_markaz_308_square_feet_flat_is_available_for_sale-48100801-3424-1.html
Sector N 5 Marla House For Sale,"Bahria Enclave - Sector N, Bahria Enclave",2.2 Crore,https://www.zameen.com//Property/bahria_enclave_bahria_enclave_-_sector_n_sector_n_5_marla_house_for_sale-48098611-11975-1.html
"A very Beautiful n Brand New House Availible for Sale
Near Mosque Markaz n Park","MPCHS - Multi Gardens, B-17",4.9 Crore,https://www.zameen.com//Property/b_17_mpchs_-_multi_gardens_a_very_beautiful_n_brand_new_house_availible_for_sale_near_mosque_markaz_n_park-48027341-3115-1.html
7 Marla House Available For Sale Double Storey,"Bani Gala, Islamabad",2.4 Crore,https://www.zameen.com//Property/islamabad_bani_gala_7_marla_house_available_for_sale_double_storey-48136639-340-1.html
"Flat With Rental Income 60,000","Bahria Enclave - Sector G, Bahria Enclave",1.25 Crore,https://www.zameen.com//Property/bahria_enclave_bahria_enclave_-_sector_g_flat_with_rental_income_60_000-47845248-11984-1.html
Brand New Two Bed Apartment For Sale At Investor Rate In Madina Tower E-11 Islamabad,"Madina Tower, E-11",1.49 Crore,https://www.zameen.com//Property/e_11_madina_tower_brand_new_two_bed_apartment_for_sale_at_investor_rate_in_madina_tower_e-11_islamabad-48137394-11138-1.html
The Beautiful House for sale,"Soan Garden - Block H, Soan Garden",2.85 Crore,https://www.zameen.com//Property/soan_garden_soan_garden_-_block_h_the_beautiful_house_for_sale-46984069-3498-1.html
Royal Mall and Residency 2 Bed Apartment 1450 Square Feet on 4th Floor Sun facing Available for Sale,"The Royal Mall and Residency, Bahria Enclave",1.65 Crore,https://www.zameen.com//Property/bahria_enclave_the_royal_mall_and_residency_royal_mall_and_residency_2_bed_apartment_1450_square_feet_on_4th_floor_sun_facing_available_for_sale-46941243-10909-1.html
Sector A Studio Bahria Cube Apartment 638 square feet Near for Possession on 6th Floor Murree facing Available for Sale,"Bahria Enclave - Sector A, Bahria Enclave",58 Lakh,https://www.zameen.com//Property/bahria_enclave_bahria_enclave_-_sector_a_sector_a_studio_bahria_cube_apartment_638_square_feet_near_for_possession_on_6th_floor_murree_facing_available_for_sale-46879811-11970-1.html
Kanal Brand New House Available For Sale In Dha Phase 2 Islamabad,"DHA Phase 2 - Sector D, DHA Defence Phase 2",10 Crore,https://www.zameen.com//Property/dha_defence_phase_2_dha_phase_2_-_sector_d_kanal_brand_new_house_available_for_sale_in_dha_phase_2_islamabad-40412747-3199-1.html
Kanal Brand New House Available For Sale In Dha Phase 2 islamabad,"DHA Phase 2 - Sector D, DHA Defence Phase 2",11.5 Crore,https://www.zameen.com//Property/dha_defence_phase_2_dha_phase_2_-_sector_d_kanal_brand_new_house_available_for_sale_in_dha_phase_2_islamabad-46787705-3199-1.html
Kanal Brand New House Available For Sale In Dha Phase 2 islamabad,"DHA Phase 2 - Sector B, DHA Defence Phase 2",10.85 Crore,https://www.zameen.com//Property/dha_defence_phase_2_dha_phase_2_-_sector_b_kanal_brand_new_house_available_for_sale_in_dha_phase_2_islamabad-46780713-3197-1.html
10 Kanal Luxury Royal Palace For Sale In Gulberg Green Islamabad,"Gulberg Greens, Gulberg",1.25 Arab,https://www.zameen.com//Property/gulberg_gulberg_greens_10_kanal_luxury_royal_palace_for_sale_in_gulberg_green_islamabad-46780433-8312-1.html
Beautiful 5 Marla House For Sale In Dha Phase 2 Islamabad,"DHA Phase 2 - Sector J, DHA Defence Phase 2",4.5 Crore,https://www.zameen.com//Property/dha_defence_phase_2_dha_phase_2_-_sector_j_beautiful_5_marla_house_for_sale_in_dha_phase_2_islamabad-46787983-8399-1.html
Beautiful 2 Bed Flat/Apartment for sale at Capital Residencia E-11,"Capital Residencia, Margalla Hills-2",1.85 Crore,https://www.zameen.com//Property/margalla_hills_2_capital_residencia_beautiful_2_bed_flat_apartment_for_sale_at_capital_residencia_e-11-48165695-10573-1.html
01 kanal most beautiful and ultra luxrious house for sale,"DHA Defence Phase 2, DHA Defence",12.5 Crore,https://www.zameen.com//Property/dha_defence_dha_defence_phase_2_01_kanal_most_beautiful_and_ultra_luxrious_house_for_sale-48165684-339-1.html
10 Marla beautiful front back open,"E-18, Islamabad",2.65 Crore,https://www.zameen.com//Property/islamabad_e-18_10_marla_beautiful_front_back_open-46287181-332-1.html
13 marla double story Kothi (House) for sale Demand 270 Final 250Al - Qaim Town Pindorian Islamabad,"Al Qaim Town, Islamabad",2.7 Crore,https://www.zameen.com//Property/islamabad_al_qaim_town_13_marla_double_story_kothi_house_for_sale_demand_270_final_250al_-_qaim_town_pindorian_islamabad-48103120-12619-1.html
MODERN 5 MARLA 2.5 STORY HOUSE AVAILABLE FOR SALE IN GHOURI TOWN ISLAMABAD,"Ghauri Town Phase 5A, Ghauri Town",2 Crore,https://www.zameen.com//Property/ghauri_town_ghauri_town_phase_5a_modern_5_marla_2_5_story_house_available_for_sale_in_ghouri_town_islamabad-48150540-16786-1.html
Peak Location Brand New Double Unit House For Sale At DHA 2,"DHA Defence Phase 2, DHA Defence",10.5 Crore,https://www.zameen.com//Property/dha_defence_dha_defence_phase_2_peak_location_brand_new_double_unit_house_for_sale_at_dha_2-46150040-339-1.html
30 Marla Triple Unit Well Maintained House For Sale Near Mc Donald's,"DHA Defence Phase 2, DHA Defence",16.9 Crore,https://www.zameen.com//Property/dha_defence_dha_defence_phase_2_30_marla_triple_unit_well_maintained_house_for_sale_near_mc_donald_s-46150053-339-1.html
Single Unit Designer House Near Mc Donald'S At Dha2,"DHA Defence Phase 2, DHA Defence",13 Crore,https://www.zameen.com//Property/dha_defence_dha_defence_phase_2_single_unit_designer_house_near_mc_donald_s_at_dha2-46150071-339-1.html
5 Marla Brand New House For Sale At A Prime Location In Bahria Enclave,"Bahria Enclave, Bahria Town",2.4 Crore,https://www.zameen.com//Property/bahria_town_bahria_enclave_5_marla_brand_new_house_for_sale_at_a_prime_location_in_bahria_enclave-47592876-1705-1.html
Beautiful 35x80 Triple Storey House In I-8/3 For Sale,"I-8/3, I-8",12.75 Crore,https://www.zameen.com//Property/i_8_i-8_3_beautiful_35x80_triple_storey_house_in_i-8_3_for_sale-48003675-3443-1.html
1250 Square Feet Flat For Sale In Bahria Enclave,"Bahria Enclave, Bahria Town",1.63 Crore,https://www.zameen.com//Property/bahria_town_bahria_enclave_1250_square_feet_flat_for_sale_in_bahria_enclave-48018637-1705-1.html
Modern House On A Walking Distance From Mosque And Park,"DHA Phase 1 - Sector A, DHA Defence Phase 1",7.15 Crore,https://www.zameen.com//Property/dha_defence_phase_1_dha_phase_1_-_sector_a_modern_house_on_a_walking_distance_from_mosque_and_park-46849872-3189-1.html
You Can Find A Gorgeous House For sale In I-8/3,"I-8/3, I-8",9.5 Crore,https://www.zameen.com//Property/i_8_i-8_3_you_can_find_a_gorgeous_house_for_sale_in_i-8_3-47495688-3443-1.html
Brand New Spacious Apartment For Sale In Askari Tower 3 Dha 5 Islamabad,"Askari Tower 3, DHA Defence Phase 5",3.55 Crore,https://www.zameen.com//Property/dha_defence_phase_5_askari_tower_3_brand_new_spacious_apartment_for_sale_in_askari_tower_3_dha_5_islamabad-47836546-17434-1.html
35x70 10 Marla Brand New Luxury House For Sale G-13,"G-13, Islamabad",8.5 Crore,https://www.zameen.com//Property/islamabad_g-13_35x70_10_marla_brand_new_luxury_house_for_sale_g-13-47863526-330-1.html
30x60 Double Storey Used House For Sale In G-13 Investor Price,"G-13, Islamabad",4.9 Crore,https://www.zameen.com//Property/islamabad_g-13_30x60_double_storey_used_house_for_sale_in_g-13_investor_price-47861968-330-1.html
"1125 Square Feet House For Sale In Rs. 21,000,000 Only","B-17, Islamabad",2.1 Crore,https://www.zameen.com//Property/islamabad_b-17_1125_square_feet_house_for_sale_in_rs_21_000_000_only-47026203-616-1.html
One Bed Room Furnished Apartment For Sale In E11,"E-11, Islamabad",90 Lakh,https://www.zameen.com//Property/islamabad_e-11_one_bed_room_furnished_apartment_for_sale_in_e11-47593893-329-1.html
Ground Floor Flat For Sale In I-8/1,"I-8/1, I-8",2.2 Crore,https://www.zameen.com//Property/i_8_i-8_1_ground_floor_flat_for_sale_in_i-8_1-48105886-3441-1.html
New A+ Construction Quality Designer Kanal House,"DHA Defence Phase 2, DHA Defence",10.7 Crore,https://www.zameen.com//Property/dha_defence_dha_defence_phase_2_new_a_construction_quality_designer_kanal_house-47949395-339-1.html
Kanal Brand New House Available For Sale In Dha Phase 2 islamabad,"DHA Phase 2 - Sector G, DHA Defence Phase 2",11.75 Crore,https://www.zameen.com//Property/dha_defence_phase_2_dha_phase_2_-_sector_g_kanal_brand_new_house_available_for_sale_in_dha_phase_2_islamabad-46793354-3202-1.html
Kanal Brand New House Available For Sale In Dha Phase 2 islamabad,"DHA Phase 2 - Sector C, DHA Defence Phase 2",12 Crore,https://www.zameen.com//Property/dha_defence_phase_2_dha_phase_2_-_sector_c_kanal_brand_new_house_available_for_sale_in_dha_phase_2_islamabad-46793413-3198-1.html
Kanal Corner House Available For Sale In Dha Phase 2 Islamabad,"DHA Phase 2 - Sector D, DHA Defence Phase 2",10 Crore,https://www.zameen.com//Property/dha_defence_phase_2_dha_phase_2_-_sector_d_kanal_corner_house_available_for_sale_in_dha_phase_2_islamabad-46813921-3199-1.html
Kanal brand new house for sale in dha phase 2 islamabad,"DHA Phase 2 - Sector G, DHA Defence Phase 2",7.6 Crore,https://www.zameen.com//Property/dha_defence_phase_2_dha_phase_2_-_sector_g_kanal_brand_new_house_for_sale_in_dha_phase_2_islamabad-47289805-3202-1.html
12 Marla House Available For Sale In DHA Phase 2 Islamabad,"DHA Phase 2 - Sector G, DHA Defence Phase 2",6.75 Crore,https://www.zameen.com//Property/dha_defence_phase_2_dha_phase_2_-_sector_g_12_marla_house_available_for_sale_in_dha_phase_2_islamabad-47924634-3202-1.html
Top Location Beautiful Double Unit House With Best Design For Sale,"DHA Defence Phase 2, DHA Defence",9 Crore,https://www.zameen.com//Property/dha_defence_dha_defence_phase_2_top_location_beautiful_double_unit_house_with_best_design_for_sale-46150095-339-1.html
Full Furnished Designer House At Peak Location At DHA 2,"DHA Defence Phase 2, DHA Defence",14.8 Crore,https://www.zameen.com//Property/dha_defence_dha_defence_phase_2_full_furnished_designer_house_at_peak_location_at_dha_2-46150116-339-1.html
Top Location Beautiful House With Best Design For Sale,"DHA Defence Phase 2, DHA Defence",11.25 Crore,https://www.zameen.com//Property/dha_defence_dha_defence_phase_2_top_location_beautiful_house_with_best_design_for_sale-46150128-339-1.html
Single Unit Brand New House At Investor Price Near Giga Mall,"DHA Defence Phase 2, DHA Defence",8.25 Crore,https://www.zameen.com//Property/dha_defence_dha_defence_phase_2_single_unit_brand_new_house_at_investor_price_near_giga_mall-46150151-339-1.html
Most Beautiful Luxurious Designer House Of Dha-2 Islamabad For Sale,"DHA Defence Phase 2, DHA Defence",11.5 Crore,https://www.zameen.com//Property/dha_defence_dha_defence_phase_2_most_beautiful_luxurious_designer_house_of_dha-2_islamabad_for_sale-47251792-339-1.html
One Kanal Beautiful Luxurious House Prime Location Of Dha Phase 2,"DHA Defence Phase 2, DHA Defence",9.5 Crore,https://www.zameen.com//Property/dha_defence_dha_defence_phase_2_one_kanal_beautiful_luxurious_house_prime_location_of_dha_phase_2-47394321-339-1.html
12 Marla Luxurious Brand New House Three sides Corner for Sale,"DHA Defence Phase 2, DHA Defence",6.25 Crore,https://www.zameen.com//Property/dha_defence_dha_defence_phase_2_12_marla_luxurious_brand_new_house_three_sides_corner_for_sale-47589873-339-1.html
Ultra-Modern Designer Brand New 1 Kanal House For Sale,"DHA Defence Phase 2, DHA Defence",13.95 Crore,https://www.zameen.com//Property/dha_defence_dha_defence_phase_2_ultra-modern_designer_brand_new_1_kanal_house_for_sale-47590121-339-1.html
